{
    "skeleton": [
        {
            "name": "骨架",
            "parent": "骨架",
            "initpos": [
                0.0,
                0.0,
                -0.0
            ],
            "initquaternion": [
                0.707106,
                0.0,
                0.0,
                0.707106
            ],
            "initscale": [
                100.0,
                100.0,
                100.0
            ],
            "offmtx": [
                [
                    1.0,
                    0.0,
                    0.0,
                    0.0
                ],
                [
                    0.0,
                    1.0,
                    0.0,
                    0.0
                ],
                [
                    0.0,
                    0.0,
                    1.0,
                    0.0
                ]
            ],
            "boundingbox": [
                [
                    0.0,
                    0.0,
                    0.0
                ],
                [
                    0.0,
                    0.0,
                    0.0
                ]
            ]
        },
        {
            "name": "骨骼",
            "parent": "骨架",
            "initpos": [
                0.0,
                0.0,
                -0.0
            ],
            "initquaternion": [
                -0.707106,
                0.0,
                0.0,
                0.707106
            ],
            "initscale": [
                1.0,
                1.0,
                1.0
            ],
            "offmtx": [
                [
                    0.009999,
                    0.0,
                    0.0,
                    -0.0
                ],
                [
                    0.0,
                    0.009999,
                    0.0,
                    -0.0
                ],
                [
                    -0.0,
                    -0.0,
                    0.009999,
                    -0.0
                ]
            ],
            "boundingbox": [
                [
                    -0.0,
                    0.0,
                    -0.0
                ],
                [
                    0.609599,
                    0.0,
                    0.609599
                ]
            ]
        }
    ],
    "boundingbox": [
        [
            0.0,
            -0.00001,
            0.000001
        ],
        [
            60.959999,
            0.00001,
            60.959999
        ]
    ]
}